offboarding_id,person_id,employee_name,hr_termination_date,offboarding_initiated_at,status,completed_at,platform,acct_id,disabled,disabled_at,disabled_by
OB-5ee2b913,ID-0000,Donald Garcia,2026-01-05T18:29:39.992752,2026-01-07T06:29:39.992752,partial,,active_directory,acct-act-ID-0000-878243,False,,
OB-5ee2b913,ID-0000,Donald Garcia,2026-01-05T18:29:39.992752,2026-01-07T06:29:39.992752,partial,,servicenow,acct-ser-ID-0000-828ba7,False,,
OB-5ee2b913,ID-0000,Donald Garcia,2026-01-05T18:29:39.992752,2026-01-07T06:29:39.992752,partial,,github,acct-git-ID-0000-e539cf,False,,
OB-5ee2b913,ID-0000,Donald Garcia,2026-01-05T18:29:39.992752,2026-01-07T06:29:39.992752,partial,,azure_ad,acct-azu-ID-0000-a72f34,False,,
OB-3fc412f1,ID-0001,Jeffery Wagner,2026-05-11T18:29:39.992752,2026-05-13T02:29:39.992752,partial,,salesforce,acct-sal-ID-0001-9e6985,False,,
OB-3fc412f1,ID-0001,Jeffery Wagner,2026-05-11T18:29:39.992752,2026-05-13T02:29:39.992752,partial,,okta,acct-okt-ID-0001-afcabf,False,,
OB-9d38b5da,ID-0006,Nicole Ward,2026-04-11T18:29:39.992752,2026-04-11T21:29:39.992752,partial,,azure_ad,acct-azu-ID-0006-17af26,True,2026-04-13T18:29:39.992752,offboarding-automation
OB-9d38b5da,ID-0006,Nicole Ward,2026-04-11T18:29:39.992752,2026-04-11T21:29:39.992752,partial,,okta,acct-okt-ID-0006-b0def2,True,2026-04-11T18:29:39.992752,offboarding-automation
OB-9d38b5da,ID-0006,Nicole Ward,2026-04-11T18:29:39.992752,2026-04-11T21:29:39.992752,partial,,github,acct-git-ID-0006-2ceb50,False,,
OB-9f7ecf8c,ID-0007,Kendra Galloway,2026-04-15T18:29:39.992752,2026-04-17T05:29:39.992752,partial,,azure_ad,acct-azu-ID-0007-caa1d1,False,,
OB-9f7ecf8c,ID-0007,Kendra Galloway,2026-04-15T18:29:39.992752,2026-04-17T05:29:39.992752,partial,,salesforce,acct-sal-ID-0007-29cccf,False,,
OB-9f7ecf8c,ID-0007,Kendra Galloway,2026-04-15T18:29:39.992752,2026-04-17T05:29:39.992752,partial,,servicenow,acct-ser-ID-0007-8a6f9b,True,2026-04-16T18:29:39.992752,offboarding-automation
OB-9f7ecf8c,ID-0007,Kendra Galloway,2026-04-15T18:29:39.992752,2026-04-17T05:29:39.992752,partial,,active_directory,acct-act-ID-0007-e502d8,True,2026-04-15T18:29:39.992752,offboarding-automation
OB-9a464f9c,ID-0009,Cynthia Ferguson,2026-01-09T18:29:39.992752,2026-01-10T07:29:39.992752,partial,,aws_iam,acct-aws-ID-0009-506dcb,False,,
OB-9a464f9c,ID-0009,Cynthia Ferguson,2026-01-09T18:29:39.992752,2026-01-10T07:29:39.992752,partial,,active_directory,acct-act-ID-0009-389e46,True,2026-01-12T18:29:39.992752,offboarding-automation
OB-c3ea92cf,ID-0010,Hailey Robinson,2026-02-26T18:29:39.992752,2026-02-28T14:29:39.992752,partial,,okta,acct-okt-ID-0010-6e1b07,False,,
OB-c3ea92cf,ID-0010,Hailey Robinson,2026-02-26T18:29:39.992752,2026-02-28T14:29:39.992752,partial,,aws_iam,acct-aws-ID-0010-244a81,False,,
OB-b008b1ad,ID-0012,Leonard Rios,2026-01-24T18:29:39.992752,2026-01-25T08:29:39.992752,partial,,salesforce,acct-sal-ID-0012-495352,True,2026-01-25T18:29:39.992752,offboarding-automation
OB-b008b1ad,ID-0012,Leonard Rios,2026-01-24T18:29:39.992752,2026-01-25T08:29:39.992752,partial,,okta,acct-okt-ID-0012-fa0d9c,False,,
OB-b008b1ad,ID-0012,Leonard Rios,2026-01-24T18:29:39.992752,2026-01-25T08:29:39.992752,partial,,aws_iam,acct-aws-ID-0012-d93b12,True,2026-01-24T18:29:39.992752,offboarding-automation
OB-b7373848,ID-0015,Michelle Hernandez,2026-04-17T18:29:39.992752,2026-04-19T16:29:39.992752,partial,,aws_iam,acct-aws-ID-0015-5548ee,False,,
OB-b7373848,ID-0015,Michelle Hernandez,2026-04-17T18:29:39.992752,2026-04-19T16:29:39.992752,partial,,azure_ad,acct-azu-ID-0015-afc8cf,True,2026-04-18T18:29:39.992752,offboarding-automation
OB-abf26e38,ID-0016,Paul Carlson,2025-12-23T18:29:39.992752,2025-12-23T21:29:39.992752,partial,,servicenow,acct-ser-ID-0016-0471d9,False,,
OB-abf26e38,ID-0016,Paul Carlson,2025-12-23T18:29:39.992752,2025-12-23T21:29:39.992752,partial,,aws_iam,acct-aws-ID-0016-cd737c,True,2025-12-26T18:29:39.992752,offboarding-automation
OB-abf26e38,ID-0016,Paul Carlson,2025-12-23T18:29:39.992752,2025-12-23T21:29:39.992752,partial,,github,acct-git-ID-0016-039484,False,,
OB-abf26e38,ID-0016,Paul Carlson,2025-12-23T18:29:39.992752,2025-12-23T21:29:39.992752,partial,,active_directory,acct-act-ID-0016-41efaa,True,2025-12-23T18:29:39.992752,offboarding-automation
OB-97b70293,ID-0017,Erin Wilson,2026-01-24T18:29:39.992752,2026-01-25T10:29:39.992752,completed,2026-01-27T18:29:39.992752,okta,acct-okt-ID-0017-cb014e,True,2026-01-25T18:29:39.992752,offboarding-automation
OB-97b70293,ID-0017,Erin Wilson,2026-01-24T18:29:39.992752,2026-01-25T10:29:39.992752,completed,2026-01-27T18:29:39.992752,salesforce,acct-sal-ID-0017-e6af6f,True,2026-01-24T18:29:39.992752,offboarding-automation
OB-97b70293,ID-0017,Erin Wilson,2026-01-24T18:29:39.992752,2026-01-25T10:29:39.992752,completed,2026-01-27T18:29:39.992752,servicenow,acct-ser-ID-0017-11b6ea,True,2026-01-24T18:29:39.992752,offboarding-automation
OB-1c094311,ID-0018,Ryan Chavez,2026-02-27T18:29:39.992752,2026-02-28T04:29:39.992752,partial,,aws_iam,acct-aws-ID-0018-3ca1bb,True,2026-03-02T18:29:39.992752,offboarding-automation
OB-1c094311,ID-0018,Ryan Chavez,2026-02-27T18:29:39.992752,2026-02-28T04:29:39.992752,partial,,active_directory,acct-act-ID-0018-282cd4,True,2026-03-01T18:29:39.992752,offboarding-automation
OB-1c094311,ID-0018,Ryan Chavez,2026-02-27T18:29:39.992752,2026-02-28T04:29:39.992752,partial,,servicenow,acct-ser-ID-0018-d76b7e,True,2026-03-02T18:29:39.992752,offboarding-automation
OB-1c094311,ID-0018,Ryan Chavez,2026-02-27T18:29:39.992752,2026-02-28T04:29:39.992752,partial,,github,acct-git-ID-0018-e2fe3a,False,,
OB-222c252c,ID-0019,Monica Evans,2026-04-07T18:29:39.992752,2026-04-08T08:29:39.992752,partial,,salesforce,acct-sal-ID-0019-d98166,False,,
OB-222c252c,ID-0019,Monica Evans,2026-04-07T18:29:39.992752,2026-04-08T08:29:39.992752,partial,,okta,acct-okt-ID-0019-63d646,True,2026-04-09T18:29:39.992752,offboarding-automation
OB-222c252c,ID-0019,Monica Evans,2026-04-07T18:29:39.992752,2026-04-08T08:29:39.992752,partial,,active_directory,acct-act-ID-0019-413b48,True,2026-04-10T18:29:39.992752,offboarding-automation
OB-222c252c,ID-0019,Monica Evans,2026-04-07T18:29:39.992752,2026-04-08T08:29:39.992752,partial,,aws_iam,acct-aws-ID-0019-16b47b,True,2026-04-09T18:29:39.992752,offboarding-automation
OB-b6e22fc4,ID-0021,Sarah Koch,2026-03-07T18:29:39.992752,2026-03-07T19:29:39.992752,partial,,azure_ad,acct-azu-ID-0021-2e28dd,True,2026-03-09T18:29:39.992752,offboarding-automation
OB-b6e22fc4,ID-0021,Sarah Koch,2026-03-07T18:29:39.992752,2026-03-07T19:29:39.992752,partial,,okta,acct-okt-ID-0021-791642,False,,
OB-e78b4205,ID-0028,Joshua Washington,2026-02-20T18:29:39.992752,2026-02-21T12:29:39.992752,partial,,aws_iam,acct-aws-ID-0028-904d5e,False,,
OB-e78b4205,ID-0028,Joshua Washington,2026-02-20T18:29:39.992752,2026-02-21T12:29:39.992752,partial,,github,acct-git-ID-0028-70b8ce,False,,
OB-4b46a42d,ID-0029,Thomas Mueller,2026-02-17T18:29:39.992752,2026-02-17T19:29:39.992752,partial,,salesforce,acct-sal-ID-0029-ec1168,True,2026-02-18T18:29:39.992752,offboarding-automation
OB-4b46a42d,ID-0029,Thomas Mueller,2026-02-17T18:29:39.992752,2026-02-17T19:29:39.992752,partial,,active_directory,acct-act-ID-0029-9b1414,True,2026-02-20T18:29:39.992752,offboarding-automation
OB-4b46a42d,ID-0029,Thomas Mueller,2026-02-17T18:29:39.992752,2026-02-17T19:29:39.992752,partial,,aws_iam,acct-aws-ID-0029-8e43b8,False,,
OB-62c0cac9,ID-0030,Ryan Henderson,2025-12-27T18:29:39.992752,2025-12-28T23:29:39.992752,partial,,servicenow,acct-ser-ID-0030-ed20d8,True,2025-12-30T18:29:39.992752,offboarding-automation
OB-62c0cac9,ID-0030,Ryan Henderson,2025-12-27T18:29:39.992752,2025-12-28T23:29:39.992752,partial,,active_directory,acct-act-ID-0030-8e0585,False,,
OB-f3854ba1,ID-0034,Corey Pearson,2026-01-02T18:29:39.992752,2026-01-04T02:29:39.992752,partial,,github,acct-git-ID-0034-c27d7c,False,,
OB-f3854ba1,ID-0034,Corey Pearson,2026-01-02T18:29:39.992752,2026-01-04T02:29:39.992752,partial,,azure_ad,acct-azu-ID-0034-334acd,True,2026-01-02T18:29:39.992752,offboarding-automation
OB-f3854ba1,ID-0034,Corey Pearson,2026-01-02T18:29:39.992752,2026-01-04T02:29:39.992752,partial,,aws_iam,acct-aws-ID-0034-f6fabd,True,2026-01-02T18:29:39.992752,offboarding-automation
OB-f3854ba1,ID-0034,Corey Pearson,2026-01-02T18:29:39.992752,2026-01-04T02:29:39.992752,partial,,servicenow,acct-ser-ID-0034-da0246,False,,
OB-2b260849,ID-0035,Gabriel Tucker,2026-01-23T18:29:39.992752,2026-01-25T18:29:39.992752,partial,,servicenow,acct-ser-ID-0035-058338,False,,
OB-2b260849,ID-0035,Gabriel Tucker,2026-01-23T18:29:39.992752,2026-01-25T18:29:39.992752,partial,,github,acct-git-ID-0035-6b4951,False,,
OB-2b260849,ID-0035,Gabriel Tucker,2026-01-23T18:29:39.992752,2026-01-25T18:29:39.992752,partial,,azure_ad,acct-azu-ID-0035-d5b5cf,False,,
OB-60297593,ID-0002,Amy Robinson,2026-05-12T18:29:40.364164,2026-05-13T01:29:40.364164,partial,,salesforce,acct-sal-ID-0002-1d4c25,True,2026-05-15T18:29:40.364164,offboarding-automation
OB-60297593,ID-0002,Amy Robinson,2026-05-12T18:29:40.364164,2026-05-13T01:29:40.364164,partial,,azure_ad,acct-azu-ID-0002-388391,False,,
OB-60297593,ID-0002,Amy Robinson,2026-05-12T18:29:40.364164,2026-05-13T01:29:40.364164,partial,,servicenow,acct-ser-ID-0002-82e4de,False,,
OB-60297593,ID-0002,Amy Robinson,2026-05-12T18:29:40.364164,2026-05-13T01:29:40.364164,partial,,github,acct-git-ID-0002-b42f6c,True,2026-05-14T18:29:40.364164,offboarding-automation
OB-a99baf31,ID-0003,Roberto Ramirez,2026-05-29T18:29:40.364164,2026-05-31T04:29:40.364164,partial,,servicenow,acct-ser-ID-0003-2007d3,False,,
OB-a99baf31,ID-0003,Roberto Ramirez,2026-05-29T18:29:40.364164,2026-05-31T04:29:40.364164,partial,,github,acct-git-ID-0003-adc3fe,True,2026-05-30T18:29:40.364164,offboarding-automation
OB-a99baf31,ID-0003,Roberto Ramirez,2026-05-29T18:29:40.364164,2026-05-31T04:29:40.364164,partial,,aws_iam,acct-aws-ID-0003-b4d76b,True,2026-06-01T18:29:40.364164,offboarding-automation
OB-a99baf31,ID-0003,Roberto Ramirez,2026-05-29T18:29:40.364164,2026-05-31T04:29:40.364164,partial,,active_directory,acct-act-ID-0003-60610e,False,,
OB-212aa969,ID-0004,Noah Howard,2026-06-09T18:29:40.364164,2026-06-10T09:29:40.364164,partial,,okta,acct-okt-ID-0004-98834c,False,,
OB-212aa969,ID-0004,Noah Howard,2026-06-09T18:29:40.364164,2026-06-10T09:29:40.364164,partial,,salesforce,acct-sal-ID-0004-80e20a,False,,
OB-e5e962b4,ID-0005,David Nielsen,2026-06-09T18:29:40.364164,2026-06-11T10:29:40.364164,partial,,salesforce,acct-sal-ID-0005-b8ddfb,True,2026-06-10T18:29:40.364164,offboarding-automation
OB-e5e962b4,ID-0005,David Nielsen,2026-06-09T18:29:40.364164,2026-06-11T10:29:40.364164,partial,,servicenow,acct-ser-ID-0005-50400d,False,,
OB-e5e962b4,ID-0005,David Nielsen,2026-06-09T18:29:40.364164,2026-06-11T10:29:40.364164,partial,,github,acct-git-ID-0005-6e8507,True,2026-06-09T18:29:40.364164,offboarding-automation
OB-e5e962b4,ID-0005,David Nielsen,2026-06-09T18:29:40.364164,2026-06-11T10:29:40.364164,partial,,aws_iam,acct-aws-ID-0005-99a289,False,,
OB-75ab39e2,ID-0008,Cynthia Diaz,2026-04-27T18:29:40.364164,2026-04-29T03:29:40.364164,partial,,okta,acct-okt-ID-0008-0f3bb6,False,,
OB-75ab39e2,ID-0008,Cynthia Diaz,2026-04-27T18:29:40.364164,2026-04-29T03:29:40.364164,partial,,azure_ad,acct-azu-ID-0008-5e3a68,False,,
OB-75ab39e2,ID-0008,Cynthia Diaz,2026-04-27T18:29:40.364164,2026-04-29T03:29:40.364164,partial,,servicenow,acct-ser-ID-0008-b50a22,False,,
OB-75ab39e2,ID-0008,Cynthia Diaz,2026-04-27T18:29:40.364164,2026-04-29T03:29:40.364164,partial,,salesforce,acct-sal-ID-0008-bf9e96,False,,
OB-19537d95,ID-0011,Linda Morales,2026-05-20T18:29:40.364164,2026-05-21T11:29:40.364164,partial,,salesforce,acct-sal-ID-0011-3ad8d6,True,2026-05-22T18:29:40.364164,offboarding-automation
OB-19537d95,ID-0011,Linda Morales,2026-05-20T18:29:40.364164,2026-05-21T11:29:40.364164,partial,,okta,acct-okt-ID-0011-821a3e,False,,
OB-19537d95,ID-0011,Linda Morales,2026-05-20T18:29:40.364164,2026-05-21T11:29:40.364164,partial,,aws_iam,acct-aws-ID-0011-4a14fa,False,,
OB-19537d95,ID-0011,Linda Morales,2026-05-20T18:29:40.364164,2026-05-21T11:29:40.364164,partial,,active_directory,acct-act-ID-0011-b571ff,False,,
OB-95abef0e,ID-0013,Douglas Taylor,2026-05-22T18:29:40.364164,2026-05-23T19:29:40.364164,partial,,active_directory,acct-act-ID-0013-c70517,False,,
OB-95abef0e,ID-0013,Douglas Taylor,2026-05-22T18:29:40.364164,2026-05-23T19:29:40.364164,partial,,servicenow,acct-ser-ID-0013-2d8098,False,,
OB-95abef0e,ID-0013,Douglas Taylor,2026-05-22T18:29:40.364164,2026-05-23T19:29:40.364164,partial,,github,acct-git-ID-0013-94c8db,True,2026-05-25T18:29:40.364164,offboarding-automation
OB-c8855e3c,ID-0014,Michael Osborn,2026-05-25T18:29:40.364164,2026-05-25T20:29:40.364164,partial,,azure_ad,acct-azu-ID-0014-e98e71,True,2026-05-25T18:29:40.364164,offboarding-automation
OB-c8855e3c,ID-0014,Michael Osborn,2026-05-25T18:29:40.364164,2026-05-25T20:29:40.364164,partial,,github,acct-git-ID-0014-34aaf3,False,,
OB-c8855e3c,ID-0014,Michael Osborn,2026-05-25T18:29:40.364164,2026-05-25T20:29:40.364164,partial,,okta,acct-okt-ID-0014-6c6361,True,2026-05-27T18:29:40.364164,offboarding-automation
OB-c8855e3c,ID-0014,Michael Osborn,2026-05-25T18:29:40.364164,2026-05-25T20:29:40.364164,partial,,salesforce,acct-sal-ID-0014-c1e6be,True,2026-05-28T18:29:40.364164,offboarding-automation
OB-3f8aeb5f,ID-0020,Stephanie Nielsen,2026-04-18T18:29:40.364164,2026-04-20T04:29:40.364164,partial,,okta,acct-okt-ID-0020-a4b7b2,False,,
OB-3f8aeb5f,ID-0020,Stephanie Nielsen,2026-04-18T18:29:40.364164,2026-04-20T04:29:40.364164,partial,,salesforce,acct-sal-ID-0020-5e91cc,False,,
OB-553b531e,ID-0022,Christopher Tucker,2026-05-08T18:29:40.364164,2026-05-09T15:29:40.364164,partial,,aws_iam,acct-aws-ID-0022-940e25,False,,
OB-553b531e,ID-0022,Christopher Tucker,2026-05-08T18:29:40.364164,2026-05-09T15:29:40.364164,partial,,okta,acct-okt-ID-0022-f4dc7d,False,,
OB-1fa22ae7,ID-0023,David Alvarez,2026-06-06T18:29:40.364164,2026-06-08T04:29:40.364164,partial,,servicenow,acct-ser-ID-0023-956eab,False,,
OB-1fa22ae7,ID-0023,David Alvarez,2026-06-06T18:29:40.364164,2026-06-08T04:29:40.364164,partial,,salesforce,acct-sal-ID-0023-06dbc2,False,,
OB-bad15abf,ID-0024,Tamara Hickman,2026-04-06T18:29:40.364164,2026-04-07T04:29:40.364164,partial,,github,acct-git-ID-0024-c50984,False,,
OB-bad15abf,ID-0024,Tamara Hickman,2026-04-06T18:29:40.364164,2026-04-07T04:29:40.364164,partial,,azure_ad,acct-azu-ID-0024-7958dd,True,2026-04-08T18:29:40.364164,offboarding-automation
OB-bad15abf,ID-0024,Tamara Hickman,2026-04-06T18:29:40.364164,2026-04-07T04:29:40.364164,partial,,active_directory,acct-act-ID-0024-0ba380,False,,
OB-399411b8,ID-0025,Debra Kim,2026-05-31T18:29:40.364164,2026-06-01T19:29:40.364164,partial,,okta,acct-okt-ID-0025-1e2af3,True,2026-05-31T18:29:40.364164,offboarding-automation
OB-399411b8,ID-0025,Debra Kim,2026-05-31T18:29:40.364164,2026-06-01T19:29:40.364164,partial,,azure_ad,acct-azu-ID-0025-e570ba,False,,
OB-399411b8,ID-0025,Debra Kim,2026-05-31T18:29:40.364164,2026-06-01T19:29:40.364164,partial,,aws_iam,acct-aws-ID-0025-0bf42b,False,,
OB-901322e3,ID-0026,Matthew Chapman,2026-04-02T18:29:40.364164,2026-04-04T11:29:40.364164,partial,,aws_iam,acct-aws-ID-0026-169158,False,,
OB-901322e3,ID-0026,Matthew Chapman,2026-04-02T18:29:40.364164,2026-04-04T11:29:40.364164,partial,,azure_ad,acct-azu-ID-0026-b22810,False,,
OB-6f4aadff,ID-0027,Crystal Perez,2026-06-09T18:29:40.364164,2026-06-11T12:29:40.364164,partial,,salesforce,acct-sal-ID-0027-8ab778,False,,
OB-6f4aadff,ID-0027,Crystal Perez,2026-06-09T18:29:40.364164,2026-06-11T12:29:40.364164,partial,,active_directory,acct-act-ID-0027-a2eae8,False,,
OB-a180f987,ID-0031,Denise Lucas,2026-04-14T18:29:40.364164,2026-04-16T14:29:40.364164,partial,,okta,acct-okt-ID-0031-7a4040,True,2026-04-17T18:29:40.364164,offboarding-automation
OB-a180f987,ID-0031,Denise Lucas,2026-04-14T18:29:40.364164,2026-04-16T14:29:40.364164,partial,,active_directory,acct-act-ID-0031-337fea,False,,
OB-a180f987,ID-0031,Denise Lucas,2026-04-14T18:29:40.364164,2026-04-16T14:29:40.364164,partial,,azure_ad,acct-azu-ID-0031-69bd85,True,2026-04-17T18:29:40.364164,offboarding-automation
OB-a180f987,ID-0031,Denise Lucas,2026-04-14T18:29:40.364164,2026-04-16T14:29:40.364164,partial,,salesforce,acct-sal-ID-0031-b3f8c4,True,2026-04-15T18:29:40.364164,offboarding-automation
OB-da3a0f1b,ID-0032,John Lee,2026-04-12T18:29:40.364164,2026-04-14T05:29:40.364164,partial,,salesforce,acct-sal-ID-0032-4916cb,True,2026-04-14T18:29:40.364164,offboarding-automation
OB-da3a0f1b,ID-0032,John Lee,2026-04-12T18:29:40.364164,2026-04-14T05:29:40.364164,partial,,aws_iam,acct-aws-ID-0032-99ff42,True,2026-04-15T18:29:40.364164,offboarding-automation
OB-da3a0f1b,ID-0032,John Lee,2026-04-12T18:29:40.364164,2026-04-14T05:29:40.364164,partial,,active_directory,acct-act-ID-0032-bfb9be,False,,
OB-da3a0f1b,ID-0032,John Lee,2026-04-12T18:29:40.364164,2026-04-14T05:29:40.364164,partial,,azure_ad,acct-azu-ID-0032-ffb491,True,2026-04-15T18:29:40.364164,offboarding-automation
OB-f2c940f6,ID-0033,Steven Baxter,2026-04-28T18:29:40.364164,2026-04-30T17:29:40.364164,partial,,okta,acct-okt-ID-0033-8f3e6c,False,,
OB-f2c940f6,ID-0033,Steven Baxter,2026-04-28T18:29:40.364164,2026-04-30T17:29:40.364164,partial,,active_directory,acct-act-ID-0033-3d4ae1,False,,
OB-69348cd5,ID-0214,Betty Best,2026-04-28T18:29:40.364164,2026-04-29T19:29:40.364164,completed,2026-05-01T18:29:40.364164,servicenow,acct-ser-ID-0214-e34672,True,2026-04-29T18:29:40.364164,offboarding-automation
OB-d4bf0936,ID-0294,April Hernandez,2026-05-26T18:29:40.364164,2026-05-27T18:29:40.364164,completed,2026-05-27T18:29:40.364164,salesforce,acct-sal-ID-0294-fca252,True,2026-05-27T18:29:40.364164,offboarding-automation
OB-fbd50215,ID-0071,Stanley Mercado,2026-05-14T18:29:40.364164,2026-05-14T21:29:40.364164,completed,2026-05-18T18:29:40.364164,aws_iam,acct-aws-ID-0071-2b0675,True,2026-05-17T18:29:40.364164,offboarding-automation
OB-fbd50215,ID-0071,Stanley Mercado,2026-05-14T18:29:40.364164,2026-05-14T21:29:40.364164,completed,2026-05-18T18:29:40.364164,okta,acct-okt-ID-0071-b2ab24,True,2026-05-16T18:29:40.364164,offboarding-automation
OB-fbd50215,ID-0071,Stanley Mercado,2026-05-14T18:29:40.364164,2026-05-14T21:29:40.364164,completed,2026-05-18T18:29:40.364164,servicenow,acct-ser-ID-0071-e88677,True,2026-05-15T18:29:40.364164,offboarding-automation
OB-27f680cc,ID-0293,Richard Williams,2026-04-12T18:29:40.364164,2026-04-13T20:29:40.364164,completed,2026-04-14T18:29:40.364164,servicenow,acct-ser-ID-0293-9c2b17,True,2026-04-15T18:29:40.364164,offboarding-automation
OB-27f680cc,ID-0293,Richard Williams,2026-04-12T18:29:40.364164,2026-04-13T20:29:40.364164,completed,2026-04-14T18:29:40.364164,okta,acct-okt-ID-0293-1ea96d,True,2026-04-13T18:29:40.364164,offboarding-automation
OB-f410841b,ID-0121,Richard Nelson,2026-05-20T18:29:40.364164,2026-05-21T21:29:40.364164,completed,2026-05-24T18:29:40.364164,salesforce,acct-sal-ID-0121-ed0da0,True,2026-05-22T18:29:40.364164,offboarding-automation
OB-f410841b,ID-0121,Richard Nelson,2026-05-20T18:29:40.364164,2026-05-21T21:29:40.364164,completed,2026-05-24T18:29:40.364164,azure_ad,acct-azu-ID-0121-042833,True,2026-05-21T18:29:40.364164,offboarding-automation
OB-f410841b,ID-0121,Richard Nelson,2026-05-20T18:29:40.364164,2026-05-21T21:29:40.364164,completed,2026-05-24T18:29:40.364164,active_directory,acct-act-ID-0121-25f75c,True,2026-05-23T18:29:40.364164,offboarding-automation
OB-f410841b,ID-0121,Richard Nelson,2026-05-20T18:29:40.364164,2026-05-21T21:29:40.364164,completed,2026-05-24T18:29:40.364164,aws_iam,acct-aws-ID-0121-b99a16,True,2026-05-23T18:29:40.364164,offboarding-automation
OB-87e68c0c,ID-0193,Molly Knight,2026-04-23T18:29:40.364164,2026-04-24T23:29:40.364164,completed,2026-04-27T18:29:40.364164,active_directory,acct-act-ID-0193-5d0efe,True,2026-04-26T18:29:40.364164,offboarding-automation
OB-bfb5a689,ID-0269,Raymond Love,2026-06-08T18:29:40.364164,2026-06-09T15:29:40.364164,completed,2026-06-12T18:29:40.364164,active_directory,acct-act-ID-0269-803b2f,True,2026-06-11T18:29:40.364164,offboarding-automation
OB-bfb5a689,ID-0269,Raymond Love,2026-06-08T18:29:40.364164,2026-06-09T15:29:40.364164,completed,2026-06-12T18:29:40.364164,salesforce,acct-sal-ID-0269-ea867c,True,2026-06-10T18:29:40.364164,offboarding-automation
OB-bfb5a689,ID-0269,Raymond Love,2026-06-08T18:29:40.364164,2026-06-09T15:29:40.364164,completed,2026-06-12T18:29:40.364164,azure_ad,acct-azu-ID-0269-a9c29c,True,2026-06-10T18:29:40.364164,offboarding-automation
OB-99cc97e7,ID-0205,Brianna Warren,2026-04-29T18:29:40.364164,2026-04-30T10:29:40.364164,completed,2026-05-01T18:29:40.364164,servicenow,acct-ser-ID-0205-56d356,True,2026-04-30T18:29:40.364164,offboarding-automation
OB-99cc97e7,ID-0205,Brianna Warren,2026-04-29T18:29:40.364164,2026-04-30T10:29:40.364164,completed,2026-05-01T18:29:40.364164,github,acct-git-ID-0205-702433,True,2026-04-30T18:29:40.364164,offboarding-automation
OB-538ae2b4,ID-0182,Mark Vang,2026-06-06T18:29:40.364164,2026-06-08T00:29:40.364164,completed,2026-06-11T18:29:40.364164,aws_iam,acct-aws-ID-0182-8491cc,True,2026-06-07T18:29:40.364164,offboarding-automation
OB-538ae2b4,ID-0182,Mark Vang,2026-06-06T18:29:40.364164,2026-06-08T00:29:40.364164,completed,2026-06-11T18:29:40.364164,okta,acct-okt-ID-0182-703a82,True,2026-06-07T18:29:40.364164,offboarding-automation
OB-538ae2b4,ID-0182,Mark Vang,2026-06-06T18:29:40.364164,2026-06-08T00:29:40.364164,completed,2026-06-11T18:29:40.364164,servicenow,acct-ser-ID-0182-da32ef,True,2026-06-08T18:29:40.364164,offboarding-automation
OB-6b29b3ed,ID-0105,Jacqueline Nelson,2026-04-13T18:29:40.364164,2026-04-14T20:29:40.364164,completed,2026-04-15T18:29:40.364164,salesforce,acct-sal-ID-0105-12400c,True,2026-04-16T18:29:40.364164,offboarding-automation
OB-6b29b3ed,ID-0105,Jacqueline Nelson,2026-04-13T18:29:40.364164,2026-04-14T20:29:40.364164,completed,2026-04-15T18:29:40.364164,azure_ad,acct-azu-ID-0105-7241c6,True,2026-04-15T18:29:40.364164,offboarding-automation
OB-6b29b3ed,ID-0105,Jacqueline Nelson,2026-04-13T18:29:40.364164,2026-04-14T20:29:40.364164,completed,2026-04-15T18:29:40.364164,github,acct-git-ID-0105-ed2a7c,True,2026-04-15T18:29:40.364164,offboarding-automation
OB-6b29b3ed,ID-0105,Jacqueline Nelson,2026-04-13T18:29:40.364164,2026-04-14T20:29:40.364164,completed,2026-04-15T18:29:40.364164,okta,acct-okt-ID-0105-7eaecc,True,2026-04-14T18:29:40.364164,offboarding-automation
OB-f768054c,ID-0164,Emily Ruiz,2026-03-30T18:29:40.364164,2026-03-31T01:29:40.364164,completed,2026-04-04T18:29:40.364164,servicenow,acct-ser-ID-0164-fbf47b,True,2026-04-02T18:29:40.364164,offboarding-automation
OB-bca167df,ID-0132,Andrea Davis,2026-06-01T18:29:40.364164,2026-06-03T10:29:40.364164,completed,2026-06-05T18:29:40.364164,salesforce,acct-sal-ID-0132-69a14c,True,2026-06-04T18:29:40.364164,offboarding-automation
OB-bca167df,ID-0132,Andrea Davis,2026-06-01T18:29:40.364164,2026-06-03T10:29:40.364164,completed,2026-06-05T18:29:40.364164,servicenow,acct-ser-ID-0132-4d03fe,True,2026-06-03T18:29:40.364164,offboarding-automation
OB-4308add6,ID-0211,Carlos Ramos,2026-04-08T18:29:40.364164,2026-04-09T08:29:40.364164,completed,2026-04-11T18:29:40.364164,aws_iam,acct-aws-ID-0211-74538b,True,2026-04-08T18:29:40.364164,offboarding-automation
OB-4308add6,ID-0211,Carlos Ramos,2026-04-08T18:29:40.364164,2026-04-09T08:29:40.364164,completed,2026-04-11T18:29:40.364164,servicenow,acct-ser-ID-0211-3a75fa,True,2026-04-09T18:29:40.364164,offboarding-automation
OB-f484b888,ID-0086,Mark Gibson,2026-06-02T18:29:40.364164,2026-06-04T04:29:40.364164,completed,2026-06-06T18:29:40.364164,github,acct-git-ID-0086-d36658,True,2026-06-03T18:29:40.364164,offboarding-automation
OB-f484b888,ID-0086,Mark Gibson,2026-06-02T18:29:40.364164,2026-06-04T04:29:40.364164,completed,2026-06-06T18:29:40.364164,okta,acct-okt-ID-0086-5a07ce,True,2026-06-05T18:29:40.364164,offboarding-automation
OB-e4766362,ID-0131,Anthony Mccoy,2026-03-22T18:29:40.364164,2026-03-24T15:29:40.364164,completed,2026-03-24T18:29:40.364164,salesforce,acct-sal-ID-0131-9933c8,True,2026-03-23T18:29:40.364164,offboarding-automation
OB-e4766362,ID-0131,Anthony Mccoy,2026-03-22T18:29:40.364164,2026-03-24T15:29:40.364164,completed,2026-03-24T18:29:40.364164,azure_ad,acct-azu-ID-0131-0c2054,True,2026-03-25T18:29:40.364164,offboarding-automation
OB-e4766362,ID-0131,Anthony Mccoy,2026-03-22T18:29:40.364164,2026-03-24T15:29:40.364164,completed,2026-03-24T18:29:40.364164,servicenow,acct-ser-ID-0131-443197,True,2026-03-22T18:29:40.364164,offboarding-automation
OB-b422defe,ID-0143,Matthew Schwartz,2026-05-03T18:29:40.364164,2026-05-05T12:29:40.364164,completed,2026-05-07T18:29:40.364164,okta,acct-okt-ID-0143-0af966,True,2026-05-06T18:29:40.364164,offboarding-automation
OB-b422defe,ID-0143,Matthew Schwartz,2026-05-03T18:29:40.364164,2026-05-05T12:29:40.364164,completed,2026-05-07T18:29:40.364164,azure_ad,acct-azu-ID-0143-795653,True,2026-05-04T18:29:40.364164,offboarding-automation
OB-b422defe,ID-0143,Matthew Schwartz,2026-05-03T18:29:40.364164,2026-05-05T12:29:40.364164,completed,2026-05-07T18:29:40.364164,github,acct-git-ID-0143-f4124e,True,2026-05-05T18:29:40.364164,offboarding-automation
OB-b422defe,ID-0143,Matthew Schwartz,2026-05-03T18:29:40.364164,2026-05-05T12:29:40.364164,completed,2026-05-07T18:29:40.364164,salesforce,acct-sal-ID-0143-fe3a16,True,2026-05-04T18:29:40.364164,offboarding-automation
OB-beaab1eb,ID-0279,Linda Cohen,2026-04-07T18:29:40.364164,2026-04-08T15:29:40.364164,completed,2026-04-11T18:29:40.364164,salesforce,acct-sal-ID-0279-1510c7,True,2026-04-08T18:29:40.364164,offboarding-automation
OB-beaab1eb,ID-0279,Linda Cohen,2026-04-07T18:29:40.364164,2026-04-08T15:29:40.364164,completed,2026-04-11T18:29:40.364164,github,acct-git-ID-0279-b30c02,True,2026-04-08T18:29:40.364164,offboarding-automation
OB-beaab1eb,ID-0279,Linda Cohen,2026-04-07T18:29:40.364164,2026-04-08T15:29:40.364164,completed,2026-04-11T18:29:40.364164,azure_ad,acct-azu-ID-0279-bb0349,True,2026-04-10T18:29:40.364164,offboarding-automation
OB-c57a80f1,ID-0264,Shannon Roach,2026-04-02T18:29:40.364164,2026-04-04T02:29:40.364164,completed,2026-04-05T18:29:40.364164,github,acct-git-ID-0264-8bcc66,True,2026-04-03T18:29:40.364164,offboarding-automation
OB-c57a80f1,ID-0264,Shannon Roach,2026-04-02T18:29:40.364164,2026-04-04T02:29:40.364164,completed,2026-04-05T18:29:40.364164,servicenow,acct-ser-ID-0264-8d3614,True,2026-04-03T18:29:40.364164,offboarding-automation
OB-1e2cf0ca,ID-0212,William Collins,2026-04-01T18:29:40.364164,2026-04-02T00:29:40.364164,completed,2026-04-02T18:29:40.364164,aws_iam,acct-aws-ID-0212-109eb1,True,2026-04-01T18:29:40.364164,offboarding-automation
OB-1e2cf0ca,ID-0212,William Collins,2026-04-01T18:29:40.364164,2026-04-02T00:29:40.364164,completed,2026-04-02T18:29:40.364164,okta,acct-okt-ID-0212-2ee7fb,True,2026-04-01T18:29:40.364164,offboarding-automation
OB-1e2cf0ca,ID-0212,William Collins,2026-04-01T18:29:40.364164,2026-04-02T00:29:40.364164,completed,2026-04-02T18:29:40.364164,servicenow,acct-ser-ID-0212-62a3f0,True,2026-04-01T18:29:40.364164,offboarding-automation
OB-7e38b831,ID-0202,Steve Miller,2026-04-06T18:29:40.364164,2026-04-07T16:29:40.364164,completed,2026-04-07T18:29:40.364164,okta,acct-okt-ID-0202-168dc5,True,2026-04-06T18:29:40.364164,offboarding-automation
OB-7e38b831,ID-0202,Steve Miller,2026-04-06T18:29:40.364164,2026-04-07T16:29:40.364164,completed,2026-04-07T18:29:40.364164,servicenow,acct-ser-ID-0202-c7e8ce,True,2026-04-06T18:29:40.364164,offboarding-automation
OB-5296f438,ID-0197,Scott Nelson,2026-04-08T18:29:40.364164,2026-04-10T18:29:40.364164,completed,2026-04-10T18:29:40.364164,servicenow,acct-ser-ID-0197-3e535c,True,2026-04-10T18:29:40.364164,offboarding-automation
OB-5296f438,ID-0197,Scott Nelson,2026-04-08T18:29:40.364164,2026-04-10T18:29:40.364164,completed,2026-04-10T18:29:40.364164,okta,acct-okt-ID-0197-22ea70,True,2026-04-10T18:29:40.364164,offboarding-automation
OB-5296f438,ID-0197,Scott Nelson,2026-04-08T18:29:40.364164,2026-04-10T18:29:40.364164,completed,2026-04-10T18:29:40.364164,azure_ad,acct-azu-ID-0197-f35713,True,2026-04-09T18:29:40.364164,offboarding-automation
OB-da9c98e5,ID-0152,John Bruce,2026-04-24T18:29:40.364164,2026-04-25T14:29:40.364164,completed,2026-04-25T18:29:40.364164,azure_ad,acct-azu-ID-0152-306794,True,2026-04-25T18:29:40.364164,offboarding-automation
OB-124e6e9f,ID-0242,Amanda Chen,2026-04-05T18:29:40.364164,2026-04-07T08:29:40.364164,completed,2026-04-09T18:29:40.364164,azure_ad,acct-azu-ID-0242-1bc239,True,2026-04-07T18:29:40.364164,offboarding-automation
OB-124e6e9f,ID-0242,Amanda Chen,2026-04-05T18:29:40.364164,2026-04-07T08:29:40.364164,completed,2026-04-09T18:29:40.364164,okta,acct-okt-ID-0242-0fc1e9,True,2026-04-07T18:29:40.364164,offboarding-automation
OB-8775108b,ID-0097,Jessica Sheppard,2026-03-23T18:29:40.364164,2026-03-24T14:29:40.364164,completed,2026-03-24T18:29:40.364164,github,acct-git-ID-0097-147994,True,2026-03-26T18:29:40.364164,offboarding-automation
OB-8775108b,ID-0097,Jessica Sheppard,2026-03-23T18:29:40.364164,2026-03-24T14:29:40.364164,completed,2026-03-24T18:29:40.364164,okta,acct-okt-ID-0097-78b167,True,2026-03-25T18:29:40.364164,offboarding-automation
OB-8775108b,ID-0097,Jessica Sheppard,2026-03-23T18:29:40.364164,2026-03-24T14:29:40.364164,completed,2026-03-24T18:29:40.364164,active_directory,acct-act-ID-0097-fb2d2b,True,2026-03-24T18:29:40.364164,offboarding-automation
OB-8775108b,ID-0097,Jessica Sheppard,2026-03-23T18:29:40.364164,2026-03-24T14:29:40.364164,completed,2026-03-24T18:29:40.364164,salesforce,acct-sal-ID-0097-3c4cae,True,2026-03-25T18:29:40.364164,offboarding-automation
OB-f59c0599,ID-0082,Jessica Marsh,2026-05-19T18:29:40.364164,2026-05-20T21:29:40.364164,completed,2026-05-20T18:29:40.364164,active_directory,acct-act-ID-0082-c5a01d,True,2026-05-20T18:29:40.364164,offboarding-automation
OB-f59c0599,ID-0082,Jessica Marsh,2026-05-19T18:29:40.364164,2026-05-20T21:29:40.364164,completed,2026-05-20T18:29:40.364164,azure_ad,acct-azu-ID-0082-c6adbc,True,2026-05-20T18:29:40.364164,offboarding-automation
OB-f59c0599,ID-0082,Jessica Marsh,2026-05-19T18:29:40.364164,2026-05-20T21:29:40.364164,completed,2026-05-20T18:29:40.364164,okta,acct-okt-ID-0082-559e4a,True,2026-05-20T18:29:40.364164,offboarding-automation
OB-42ef1405,ID-0063,Bradley Graham,2026-05-08T18:29:40.364164,2026-05-10T15:29:40.364164,completed,2026-05-10T18:29:40.364164,salesforce,acct-sal-ID-0063-7c370b,True,2026-05-11T18:29:40.364164,offboarding-automation
OB-42ef1405,ID-0063,Bradley Graham,2026-05-08T18:29:40.364164,2026-05-10T15:29:40.364164,completed,2026-05-10T18:29:40.364164,servicenow,acct-ser-ID-0063-d08a3e,True,2026-05-09T18:29:40.364164,offboarding-automation
OB-42ef1405,ID-0063,Bradley Graham,2026-05-08T18:29:40.364164,2026-05-10T15:29:40.364164,completed,2026-05-10T18:29:40.364164,github,acct-git-ID-0063-151193,True,2026-05-11T18:29:40.364164,offboarding-automation
OB-42ef1405,ID-0063,Bradley Graham,2026-05-08T18:29:40.364164,2026-05-10T15:29:40.364164,completed,2026-05-10T18:29:40.364164,azure_ad,acct-azu-ID-0063-85ff92,True,2026-05-10T18:29:40.364164,offboarding-automation
OB-4e5a5097,ID-0200,Mark Smith,2026-05-03T18:29:40.364164,2026-05-05T13:29:40.364164,completed,2026-05-05T18:29:40.364164,aws_iam,acct-aws-ID-0200-aff0d8,True,2026-05-03T18:29:40.364164,offboarding-automation
OB-2beb3a96,ID-0259,Austin Jones,2026-05-27T18:29:40.364164,2026-05-28T01:29:40.364164,completed,2026-05-28T18:29:40.364164,github,acct-git-ID-0259-50f27f,True,2026-05-30T18:29:40.364164,offboarding-automation
OB-389c5b4a,ID-0228,Jennifer Montes,2026-04-17T18:29:40.364164,2026-04-18T19:29:40.364164,completed,2026-04-21T18:29:40.364164,aws_iam,acct-aws-ID-0228-e8f7c6,True,2026-04-18T18:29:40.364164,offboarding-automation
OB-389c5b4a,ID-0228,Jennifer Montes,2026-04-17T18:29:40.364164,2026-04-18T19:29:40.364164,completed,2026-04-21T18:29:40.364164,azure_ad,acct-azu-ID-0228-a13662,True,2026-04-20T18:29:40.364164,offboarding-automation
OB-389c5b4a,ID-0228,Jennifer Montes,2026-04-17T18:29:40.364164,2026-04-18T19:29:40.364164,completed,2026-04-21T18:29:40.364164,okta,acct-okt-ID-0228-7fbdcd,True,2026-04-20T18:29:40.364164,offboarding-automation
OB-738da29c,ID-0237,Debra Moody,2026-05-19T18:29:40.364164,2026-05-19T20:29:40.364164,completed,2026-05-24T18:29:40.364164,okta,acct-okt-ID-0237-e44ca1,True,2026-05-20T18:29:40.364164,offboarding-automation
OB-68a1fcec,ID-0284,Sydney Barrera,2026-05-07T18:29:40.364164,2026-05-09T08:29:40.364164,completed,2026-05-12T18:29:40.364164,okta,acct-okt-ID-0284-bf3a01,True,2026-05-09T18:29:40.364164,offboarding-automation
OB-68a1fcec,ID-0284,Sydney Barrera,2026-05-07T18:29:40.364164,2026-05-09T08:29:40.364164,completed,2026-05-12T18:29:40.364164,servicenow,acct-ser-ID-0284-83b373,True,2026-05-10T18:29:40.364164,offboarding-automation
OB-fdb95301,ID-0107,Jenny Bray,2026-03-25T18:29:40.364164,2026-03-27T02:29:40.364164,completed,2026-03-30T18:29:40.364164,azure_ad,acct-azu-ID-0107-7ffbab,True,2026-03-26T18:29:40.364164,offboarding-automation
OB-fdb95301,ID-0107,Jenny Bray,2026-03-25T18:29:40.364164,2026-03-27T02:29:40.364164,completed,2026-03-30T18:29:40.364164,active_directory,acct-act-ID-0107-b690f3,True,2026-03-28T18:29:40.364164,offboarding-automation
OB-fdb95301,ID-0107,Jenny Bray,2026-03-25T18:29:40.364164,2026-03-27T02:29:40.364164,completed,2026-03-30T18:29:40.364164,okta,acct-okt-ID-0107-c53f71,True,2026-03-25T18:29:40.364164,offboarding-automation
OB-8753b23e,ID-0172,Tasha Williams,2026-04-20T18:29:40.364164,2026-04-21T00:29:40.364164,completed,2026-04-23T18:29:40.364164,github,acct-git-ID-0172-469e80,True,2026-04-22T18:29:40.364164,offboarding-automation
OB-8753b23e,ID-0172,Tasha Williams,2026-04-20T18:29:40.364164,2026-04-21T00:29:40.364164,completed,2026-04-23T18:29:40.364164,aws_iam,acct-aws-ID-0172-f917d5,True,2026-04-22T18:29:40.364164,offboarding-automation
OB-18f27691,ID-0244,Alexandra Ward,2026-04-23T18:29:40.364164,2026-04-25T10:29:40.364164,completed,2026-04-26T18:29:40.364164,active_directory,acct-act-ID-0244-978985,True,2026-04-23T18:29:40.364164,offboarding-automation
OB-18f27691,ID-0244,Alexandra Ward,2026-04-23T18:29:40.364164,2026-04-25T10:29:40.364164,completed,2026-04-26T18:29:40.364164,github,acct-git-ID-0244-257cab,True,2026-04-24T18:29:40.364164,offboarding-automation
OB-18f27691,ID-0244,Alexandra Ward,2026-04-23T18:29:40.364164,2026-04-25T10:29:40.364164,completed,2026-04-26T18:29:40.364164,azure_ad,acct-azu-ID-0244-ae8ca1,True,2026-04-24T18:29:40.364164,offboarding-automation
